[
  {
    "id": "11afd8c9-95d0-4684-a739-fd63b97ef41d",
    "data": [
      {
        "text": "Hey",
        "userDefined": false
      }
    ],
    "isTemplate": false,
    "count": 0,
    "updated": 1547073955
  },
  {
    "id": "1746a446-3397-4de3-96c0-b05f73826374",
    "data": [
      {
        "text": "Hello",
        "userDefined": false
      }
    ],
    "isTemplate": false,
    "count": 0,
    "updated": 1547073955
  },
  {
    "id": "84fab6be-c962-4089-b271-b88a3792b48b",
    "data": [
      {
        "text": "Hi",
        "userDefined": false
      }
    ],
    "isTemplate": false,
    "count": 0,
    "updated": 1547073955
  }
]